ID,Deutsch,Norwegisch,Artikel,Wortart,Herkunft,Lektion,Level_Papa,Level_Mama,Zuletzt_Papa,Zuletzt_Mama,Letztes_Ergebnis_Papa,Letztes_Ergebnis_Mama,Richtig_Papa,Falsch_Papa,Richtig_Mama,Falsch_Mama,Beispielsatz_NO,Beispielsatz_DE,Notiz,Aktiv
NO0001,italienisch,italiensk,,,Sonstige,,1,0,,,,,0,0,0,0,,,,ja
NO0002,arbeiten,arbeide,,,Sonstige,,1,0,,,,,0,0,0,0,,,,ja
NO0003,ja,ja,,,Sonstige; Norsk for deg,,1,0,,,,,0,0,0,0,,,,ja
NO0004,ich,jeg,,,Sonstige; Norsk for deg,,0,0,,,,,0,0,0,0,,,,ja
NO0005,alle,alle,,,Sonstige,,1,0,,,,,0,0,0,0,,,,ja
NO0006,alle zusammen,alle sammen,,,Sonstige,,1,0,,,,,0,0,0,0,,,,ja
NO0007,"kann, kannst ...",kan,,,Sonstige,,1,0,,,,,0,0,0,0,,,,ja
NO0008,kommen,komme,,,Sonstige,,1,0,,,,,0,0,0,0,,,,ja
NO0009,Au-pair,au pair,en,Substantiv,Sonstige,,0,0,,,,,0,0,0,0,,,,ja
NO0010,nur,bare,,,Sonstige; Norsk for deg,,0,0,,,,,0,0,0,0,,,,ja
NO0011,können,kunne (kan),,,Sonstige,,1,0,,,,,0,0,0,0,,,,ja
NO0012,Tag,dag,en,Substantiv,Sonstige,,0,0,,,,,0,0,0,0,,,,ja
NO0013,sie (Plural),de,,,Sonstige,,0,0,,,,,0,0,0,0,,,,ja
NO0014,frei,ledig,,,Sonstige,,0,0,,,,,0,0,0,0,,,,ja
NO0015,lernen,lære,,,Sonstige,,1,0,,,,,0,0,0,0,,,,ja
NO0016,Sie,De,,,Sonstige,,1,0,,,,,0,0,0,0,,,,ja
NO0017,Lehrer/-in,lærer,en,Substantiv,Sonstige,,1,0,,,,,0,0,0,0,,,,ja
NO0018,dort,der,,,Sonstige,,1,0,,,,,0,0,0,0,,,,ja
NO0019,ein bisschen,litt,,,Sonstige,,0,0,,,,,0,0,0,0,,,,ja
NO0020,bedeuten,bety,,,Sonstige,,0,0,,,,,0,0,0,0,,,,ja
NO0021,Sahnetorte,bløtkake,en/ei,Substantiv,Sonstige,,1,0,,,,,0,0,0,0,,,,ja
NO0022,Tisch,bord,et,Substantiv,Sonstige,,1,0,,,,,0,0,0,0,,,,ja
NO0023,gut,bra,,,Sonstige; Norsk for deg,,1,0,,,,,0,0,0,0,,,,ja
NO0024,Gebrauch,bruk,en,Substantiv,Sonstige,,0,0,,,,,0,0,0,0,,,,ja
NO0025,"gebrauchen, benutzen",bruke,,,Sonstige,,0,0,,,,,0,0,0,0,,,,ja
NO0026,Limonade,brus,en,Substantiv,Sonstige,,1,0,,,,,0,0,0,0,,,,ja
NO0027,Brot,brød,et,Substantiv,Sonstige,,0,0,,,,,0,0,0,0,,,,ja
NO0028,trinken,drikke,,,Sonstige,,1,0,,,,,0,0,0,0,,,,ja
NO0029,oder,eller,,,Sonstige; Norsk for deg,,0,0,,,,,0,0,0,0,,,,ja
NO0030,als (bei Komparativ),enn,,,Sonstige,,0,0,,,,,0,0,0,0,,,,ja
NO0031,noch,ennå,,,Sonstige,,0,0,,,,,0,0,0,0,,,,ja
NO0032,noch nicht,ennå ikke / ikke ennå,,,Sonstige,,0,0,,,,,0,0,0,0,,,,ja
NO0033,norw. Mineralwasser,Farris,en,Substantiv,Sonstige,,1,0,,,,,0,0,0,0,,,,ja
NO0034,finden (hier: suchen),finne,,,Sonstige,,0,0,,,,,0,0,0,0,,,,ja
NO0035,Flasche,flaske,en/ei,Substantiv,Sonstige,,1,0,,,,,0,0,0,0,,,,ja
NO0036,für,for,,,Sonstige,,1,0,,,,,0,0,0,0,,,,ja
NO0037,Vorname,fornavn,et,Substantiv,Sonstige,,0,0,,,,,0,0,0,0,,,,ja
NO0038,formell,formell,,,Sonstige,,1,0,,,,,0,0,0,0,,,,ja
NO0039,"ziemlich, ganz",ganske,,,Sonstige,,0,0,,,,,0,0,0,0,,,,ja
NO0040,Ziegenkäse,geitost,en,Substantiv,Sonstige,,0,0,,,,,0,0,0,0,,,,ja
NO0041,Glas,glass,et,Substantiv,Sonstige,,1,0,,,,,0,0,0,0,,,,ja
NO0042,gehen,gå,,,Sonstige,,1,0,,,,,0,0,0,0,,,,ja
NO0043,tschüss,ha det,,,Sonstige,,0,0,,,,,0,0,0,0,,,,ja
NO0044,wie,hvordan,,,Sonstige; Norsk for deg,,1,0,,,,,0,0,0,0,,,,ja
NO0045,Wie geht es dir?,Hvordan har du det?,,,Sonstige,,0,0,,,,,0,0,0,0,,,,ja
NO0046,warum,hvorfor,,,Sonstige,,1,0,,,,,0,0,0,0,,,,ja
NO0047,Höflichkeitsform,høflighetsform,,,Sonstige,,0,0,,,,,0,0,0,0,,,,ja
NO0048,mit Handschlag begrüßen,håndhilse,,,Sonstige,,0,0,,,,,0,0,0,0,,,,ja
NO0049,nicht,ikke,,,Sonstige; Norsk for deg,,1,0,,,,,0,0,0,0,,,,ja
NO0050,vorbeischauen,innom,,,Sonstige,,0,0,,,,,0,0,0,0,,,,ja
NO0051,"ja, doch (als Antwort auf eine negative Frage)",Jo(da),,,Sonstige,,0,0,,,,,0,0,0,0,,,,ja
NO0052,Cafeteria,kafeteria,en,Substantiv,Sonstige,,1,0,,,,,0,0,0,0,,,,ja
NO0053,in einer Cafeteria,på kafeteria,,,Sonstige,,1,0,,,,,0,0,0,0,,,,ja
NO0054,Kaffee,kaffe,en,Substantiv,Sonstige,,0,0,,,,,0,0,0,0,,,,ja
NO0055,Kuchen,kake,en/ei,Substantiv,Sonstige,,1,0,,,,,0,0,0,0,,,,ja
NO0056,kaufen,kjøpe,,,Sonstige,,1,0,,,,,0,0,0,0,,,,ja
NO0057,Tasse,kopp,en,Substantiv,Sonstige,,0,0,,,,,0,0,0,0,,,,ja
NO0058,"Creme, Schlagsahne",krem,en,Substantiv,Sonstige,,0,0,,,,,0,0,0,0,,,,ja
NO0059,mögen,like,,,Sonstige,,1,0,,,,,0,0,0,0,,,,ja
NO0060,Lunch,lunsj,en,Substantiv,Sonstige,,1,0,,,,,0,0,0,0,,,,ja
NO0061,"Essen, Lebensmittel",mat,en,Substantiv,Sonstige,,0,0,,,,,0,0,0,0,,,,ja
NO0062,mit,med,,,Sonstige; Norsk for deg,,0,0,,,,,0,0,0,0,,,,ja
NO0063,"mich, mir",meg,,,Sonstige,,1,0,,,,,0,0,0,0,,,,ja
NO0064,aber,men,,,Sonstige; Norsk for deg,,0,0,,,,,0,0,0,0,,,,ja
NO0065,Mittagessen,middag,en,Substantiv,Sonstige,,1,0,,,,,0,0,0,0,,,,ja
NO0066,zu Mittag essen,spise middag,,,Sonstige,,1,0,,,,,0,0,0,0,,,,ja
NO0067,weniger,mindre,,,Sonstige,,0,0,,,,,0,0,0,0,,,,ja
NO0068,hallo,morn,,,Sonstige,,1,0,,,,,0,0,0,0,,,,ja
NO0069,viel,mye,,,Sonstige,,1,0,,,,,0,0,0,0,,,,ja
NO0070,müssen,å måtte,,,Sonstige,,0,0,,,,,0,0,0,0,,,,ja
NO0071,etwas,noe,,,Sonstige,,1,0,,,,,0,0,0,0,,,,ja
NO0072,Norwegischlehrer/-in,norsklærer,en,Substantiv,Sonstige,,1,0,,,,,0,0,0,0,,,,ja
NO0073,oft,ofte,,,Sonstige,,0,0,,,,,0,0,0,0,,,,ja
NO0074,belegtes Brot mit Garnelen/Krabben,rekesmørbrød,et,Substantiv,Sonstige,,0,0,,,,,0,0,0,0,,,,ja
NO0075,Brötchen,rundstykke,et,Substantiv,Sonstige,,0,0,,,,,0,0,0,0,,,,ja
NO0076,später,senere,,,Sonstige,,0,0,,,,,0,0,0,0,,,,ja
NO0077,"sagen (sage, sagst ...)",si (sier),,,Sonstige,,0,0,,,,,0,0,0,0,,,,ja
NO0078,Sitte,skikk,en,Substantiv,Sonstige,,0,0,,,,,0,0,0,0,,,,ja
NO0079,Sitten und Gebräuche,skikk og bruk,,,Sonstige,,0,0,,,,,0,0,0,0,,,,ja
NO0080,Schinkenbrot,skinkesmørbrød,et,Substantiv,Sonstige,,0,0,,,,,0,0,0,0,,,,ja
NO0081,lieb,snill,,,Sonstige,,0,0,,,,,0,0,0,0,,,,ja
NO0082,"bitte, sei so gut ... (wenn man um etw. bittet)",vær så snill ...,,,Sonstige,,0,0,,,,,0,0,0,0,,,,ja
NO0083,essen,spise,,,Sonstige,,0,0,,,,,0,0,0,0,,,,ja
NO0084,hungrig,sulten,,,Sonstige,,0,0,,,,,0,0,0,0,,,,ja
NO0085,Hunger haben,være sulten,,,Sonstige,,1,0,,,,,0,0,0,0,,,,ja
NO0086,üblich,vanlig,,,Sonstige,,0,0,,,,,0,0,0,0,,,,ja
NO0087,normalerweise,vanligvis,,,Sonstige,,0,0,,,,,0,0,0,0,,,,ja
NO0088,nehmen,ta,,,Sonstige,,1,0,,,,,0,0,0,0,,,,ja
NO0089,danke,takk,,,Sonstige; Norsk for deg,,1,0,,,,,0,0,0,0,,,,ja
NO0090,warm,varm,,,Sonstige,,0,0,,,,,0,0,0,0,,,,ja
NO0091,am schlechtesten,verst,,,Sonstige,,0,0,,,,,0,0,0,0,,,,ja
NO0092,Zeit,tid,en/ei,Substantiv,Sonstige,,0,0,,,,,0,0,0,0,,,,ja
NO0093,nicht schlecht,ikke så verst,,,Sonstige,,0,0,,,,,0,0,0,0,,,,ja
NO0094,Ich habe keine Zeit.,Jeg har ikke tid.,,,Sonstige,,0,0,,,,,0,0,0,0,,,,ja
NO0095,"weiß, weißt...",vet,,,Sonstige,,2,0,,,,,0,0,0,0,,,,ja
NO0096,durstig,tørst,,,Sonstige,,0,0,,,,,0,0,0,0,,,,ja
NO0097,Durst haben,være tørst,,,Sonstige,,0,0,,,,,0,0,0,0,,,,ja
NO0098,wissen,vite (vet),,,Sonstige,,0,0,,,,,0,0,0,0,,,,ja
NO0099,Bier,øl,,,Sonstige,,1,0,,,,,0,0,0,0,,,,ja
NO0100,entschuldige!,unnskyld!,,,Sonstige,,0,0,,,,,0,0,0,0,,,,ja
NO0101,Entschuldigung!,Unnskyld!,,,Sonstige,,0,0,,,,,0,0,0,0,,,,ja
NO0102,ach,å ja,,,Sonstige,,1,0,,,,,0,0,0,0,,,,ja
NO0103,die Handsäge,håndsag,,Substantiv,Pons Bilderbuch Norwegisch,,0,0,,,,,0,0,0,0,,,Die Heimwerkstatt - Hobbyrommet,ja
NO0104,die Schere,saks,,Substantiv,Pons Bilderbuch Norwegisch,,0,0,,,,,0,0,0,0,,,Die Heimwerkstatt - Hobbyrommet,ja
NO0105,die Schraube,skrue,,Substantiv,Pons Bilderbuch Norwegisch,,0,0,,,,,0,0,0,0,,,Die Heimwerkstatt - Hobbyrommet,ja
NO0106,die Mutter,mutter,,Substantiv,Pons Bilderbuch Norwegisch,,0,0,,,,,0,0,0,0,,,Die Heimwerkstatt - Hobbyrommet,ja
NO0107,der Schraubenschlüssel,skiftenøkkel,,Substantiv,Pons Bilderbuch Norwegisch,,0,0,,,,,0,0,0,0,,,Die Heimwerkstatt - Hobbyrommet,ja
NO0108,der Holzhammer,trehammer,,Substantiv,Pons Bilderbuch Norwegisch,,0,0,,,,,0,0,0,0,,,Die Heimwerkstatt - Hobbyrommet,ja
NO0109,die Rohrzange,rørtang,,Substantiv,Pons Bilderbuch Norwegisch,,0,0,,,,,0,0,0,0,,,Die Heimwerkstatt - Hobbyrommet,ja
NO0110,das Maßband,målebånd,,Substantiv,Pons Bilderbuch Norwegisch,,0,0,,,,,0,0,0,0,,,Die Heimwerkstatt - Hobbyrommet,ja
NO0111,der Nagel,spiker,,Substantiv,Pons Bilderbuch Norwegisch,,0,0,,,,,0,0,0,0,,,Die Heimwerkstatt - Hobbyrommet,ja
NO0112,der Hammer,hammer,,Substantiv,Pons Bilderbuch Norwegisch,,0,0,,,,,0,0,0,0,,,Die Heimwerkstatt - Hobbyrommet,ja
NO0113,das Schleifpapier,sandpapir,,Substantiv,Pons Bilderbuch Norwegisch,,0,0,,,,,0,0,0,0,,,Die Heimwerkstatt - Hobbyrommet,ja
NO0114,die Wasserwaage,vaterpass,,Substantiv,Pons Bilderbuch Norwegisch,,0,0,,,,,0,0,0,0,,,Die Heimwerkstatt - Hobbyrommet,ja
NO0115,die Kombizange,kombitang,,Substantiv,Pons Bilderbuch Norwegisch,,0,0,,,,,0,0,0,0,,,Die Heimwerkstatt - Hobbyrommet,ja
NO0116,der Schraubenzieher,skrutrekker,,Substantiv,Pons Bilderbuch Norwegisch,,0,0,,,,,0,0,0,0,,,Die Heimwerkstatt - Hobbyrommet,ja
NO0117,die Bügelsäge,buesag,,Substantiv,Pons Bilderbuch Norwegisch,,0,0,,,,,0,0,0,0,,,Die Heimwerkstatt - Hobbyrommet,ja
NO0118,das Teppichmesser,teppekniv,,Substantiv,Pons Bilderbuch Norwegisch,,0,0,,,,,0,0,0,0,,,Die Heimwerkstatt - Hobbyrommet,ja
NO0119,sich grüßen,hilse på hverandre,,Verb,B1-4/26,,1,0,2026-04-25T20:42:25Z,,richtig,,2,0,0,0,,,,ja
NO0120,rufen; (sich) nennen,kalle,,Verb,B1-4/26,,1,0,2026-04-25T20:42:29Z,,richtig,,2,0,0,0,,,,ja
NO0121,treffen,å møte,,Verb,B1-4/26,,1,0,2026-04-25T20:42:35Z,,richtig,,2,0,0,0,Jeg møter deg.,Ich treffe dich.,,ja
NO0122,sich treffen,å møtes,,Verb,B1-4/26,,1,0,2026-04-25T20:42:40Z,,richtig,,2,0,0,0,Vi møtes.,Wir treffen uns.,,ja
NO0123,Aussprachehinweis,"ung, tung, sunget",,Aussprache,B1-4/26,,1,0,2026-04-25T20:42:46Z,,richtig,,2,0,0,0,,,"Aussprachehinweis, keine eigentliche Vokabel",nein
NO0124,Verwandtschaft; Familie; Geschlecht (im Sinne von Familie),slekt,en/ei,Substantiv,B1-4/26,,1,0,2026-04-25T20:42:56Z,,richtig,,2,0,0,0,,,,ja
NO0125,verwandt sein mit jemandem,å være i slekt med noen,,Ausdruck,B1-4/26,,0.5,0,2026-04-25T20:39:10Z,,richtig,,1,0,0,0,,,,ja
NO0126,Geschlecht (f. eks. grammatisches Geschlecht),kjønn,et,Substantiv,B1-4/26,,0.5,0,2026-04-25T20:42:22Z,,richtig,,1,1,0,0,,,"f. eks. hankjønn, hunkjønn",ja
NO0127,Ehepartner/-in,ektefelle,en,Substantiv,B1-4/26,,0.5,0,2026-04-25T20:39:39Z,,richtig,,1,0,0,0,,,"en (ekte)mann, ei/en kone",ja
NO0128,sowohl ... als auch,både ... og...,,Konjunktion,B1-4/26,,0.5,0,2026-04-25T20:39:42Z,,richtig,,1,0,0,0,,,,ja
NO0129,vielfältig; vielfach,flerfoldig,,Adjektiv,B1-4/26,,0.5,0,2026-04-25T20:39:50Z,,richtig,,1,0,0,0,,,Vorlage: veldig mange,ja
NO0130,die Großfamilie,storfamilie,en,Substantiv,B1-4/26,,0.5,0,2026-04-25T20:39:57Z,,richtig,,1,0,0,0,,,,ja
NO0131,das Familientreffen,slektstreff,et,Substantiv,B1-4/26,,0.5,0,2026-04-25T20:40:01Z,,richtig,,1,0,0,0,,,,ja
NO0132,der Bauernhof,gård,en,Substantiv,B1-4/26,,0.5,0,2026-04-25T20:40:06Z,,richtig,,1,0,0,0,,,,ja
NO0133,altmodisch,gammeldags,,Adjektiv,B1-4/26,,0.5,0,2026-04-25T20:40:14Z,,richtig,,1,0,0,0,,,,ja
NO0134,herrlich; wunderschön,nydelig,,Adjektiv,B1-4/26,,0.5,0,2026-04-25T20:40:23Z,,richtig,,1,0,0,0,,,,ja
NO0135,Spaß,moro,,Substantiv,B1-4/26,,0.5,0,2026-04-25T20:40:28Z,,richtig,,1,0,0,0,,,,ja
NO0136,so bald erst mal nicht,med det første,,Ausdruck,B1-4/26,,0.5,0,2026-04-25T20:40:35Z,,richtig,,1,0,0,0,,,,ja
NO0137,das Alten- und Pflegeheim,alders- og sykehjem,et,Substantiv,B1-4/26,,0.5,0,2026-04-25T20:40:44Z,,richtig,,1,0,0,0,,,,ja
NO0138,der Heimatort; die Heimatgemeinde,hjembygd,en/ei,Substantiv,B1-4/26,,0.5,0,2026-04-25T20:40:52Z,,richtig,,1,0,0,0,,,,ja
NO0139,die Kraft,kraft,en,Substantiv,B1-4/26,,0.5,0,2026-04-25T20:41:03Z,,richtig,,1,0,0,0,,,,ja
NO0140,die Medizinflasche,medisinflaske,en/ei,Substantiv,B1-4/26,,0.5,0,2026-04-25T20:41:09Z,,richtig,,1,0,0,0,,,,ja
NO0141,der Nachttisch,nattbord,et,Substantiv,B1-4/26,,0.5,0,2026-04-25T20:41:14Z,,richtig,,1,0,0,0,,,,ja
NO0142,die Uhrzeit,klokkeslett,et,Substantiv,B1-4/26,,0.5,0,2026-04-25T20:41:17Z,,richtig,,1,0,0,0,,,,ja
NO0143,sich abmühen; kämpfen,å streve,,Verb,B1-4/26,,0.5,0,2026-04-25T20:41:24Z,,richtig,,1,0,0,0,,,,ja
NO0144,die Angestellten,de ansatte,,Substantiv,B1-4/26,,0.5,0,2026-04-25T20:41:29Z,,richtig,,1,0,0,0,,,,ja
NO0145,vermissen,å savne,,Verb,B1-4/26,,0.5,0,2026-04-25T20:41:35Z,,richtig,,1,0,0,0,,,,ja
NO0146,verbittert,bitter,,Adjektiv,B1-4/26,,0.5,0,2026-04-25T20:41:38Z,,richtig,,1,0,0,0,,,,ja
NO0147,sich erinnern,å minnes,,Verb,B1-4/26,,0.5,0,2026-04-25T20:41:43Z,,richtig,,1,0,0,0,,,,ja
NO0148,über etwas lange nachdenken; bei etwas verweilen,å dvele ved,,Ausdruck,B1-4/26,,0.5,0,2026-04-25T20:41:55Z,,richtig,,1,0,0,0,,,,ja
NO0149,die Institution,institusjon,en,Substantiv,B1-4/26,,0.5,0,2026-04-25T20:42:01Z,,richtig,,1,0,0,0,,,,ja
NO0150,witzig,vittig,,Adjektiv,B1-4/26,,0,0,2026-04-25T20:42:06Z,,falsch,,0,1,0,0,,,,ja
NO0151,der Rollator,gåstol,en,Substantiv,B1-4/26,,0.5,0,2026-04-25T20:42:13Z,,richtig,,1,0,0,0,,,,ja
NO0152,Hallo!,Hei!,,,Norsk for deg,Lektion 1,0,0,,,,,0,0,0,0,,,,ja
NO0153,lesen,å lese,,,Norsk for deg,Lektion 1,0,0,,,,,0,0,0,0,,,,ja
NO0154,Dialog,dialog,en,Substantiv,Norsk for deg,Lektion 1,0,0,,,,,0,0,0,0,,,,ja
NO0155,Lies / Lest / Lesen Sie den Dialog.,Les dialogen.,,,Norsk for deg,Lektion 1,0,0,,,,,0,0,0,0,,,,ja
NO0156,heißen,å hete,,,Norsk for deg,Lektion 1,0,0,,,,,0,0,0,0,,,,ja
NO0157,Ich heiße ...,Jeg heter ...,,,Norsk for deg,Lektion 1,0,0,,,,,0,0,0,0,,,,ja
NO0158,was; hier: wie,hva,,,Norsk for deg,Lektion 1,0,0,,,,,0,0,0,0,,,,ja
NO0159,du,du,,,Norsk for deg,Lektion 1,0,0,,,,,0,0,0,0,,,,ja
NO0160,Wie heißt du?,Hva heter du?,,,Norsk for deg,Lektion 1,0,0,,,,,0,0,0,0,,,,ja
NO0161,wo,hvor,,,Norsk for deg,Lektion 1,0,0,,,,,0,0,0,0,,,,ja
NO0162,wohnen,å bo,,,Norsk for deg,Lektion 1,0,0,,,,,0,0,0,0,,,,ja
NO0163,Wo wohnst du?,Hvor bor du?,,,Norsk for deg,Lektion 1,0,0,,,,,0,0,0,0,,,,ja
NO0164,in,i,,,Norsk for deg,Lektion 1,0,0,,,,,0,0,0,0,,,,ja
NO0165,hier: so,så,,,Norsk for deg,Lektion 1,0,0,,,,,0,0,0,0,,,,ja
NO0166,"amüsant, lustig",artig,,,Norsk for deg,Lektion 1,0,0,,,,,0,0,0,0,,,,ja
NO0167,Wie lustig! / Wie interessant!,Så artig!,,,Norsk for deg,Lektion 1,0,0,,,,,0,0,0,0,,,,ja
NO0168,auch,også,,,Norsk for deg,Lektion 1,0,0,,,,,0,0,0,0,,,,ja
NO0169,"versuchen, probieren",å prøve,,,Norsk for deg,Lektion 1,0,0,,,,,0,0,0,0,,,,ja
NO0170,"nun, jetzt",nå,,,Norsk for deg,Lektion 1,0,0,,,,,0,0,0,0,,,,ja
NO0171,selbst,selv,,,Norsk for deg,Lektion 1,0,0,,,,,0,0,0,0,,,,ja
NO0172,Versuche/Versucht/Versuchen Sie es nun selbst.,Prøv nå selv.,,,Norsk for deg,Lektion 1,0,0,,,,,0,0,0,0,,,,ja
NO0173,kommen,å komme,,,Norsk for deg,Lektion 1,0,0,,,,,0,0,0,0,,,,ja
NO0174,aus; von,fra,,,Norsk for deg,Lektion 1,0,0,,,,,0,0,0,0,,,,ja
NO0175,Danke.,Takk.,,,Norsk for deg,Lektion 1,0,0,,,,,0,0,0,0,,,,ja
NO0176,hier: für,for,,,Norsk for deg,Lektion 1,0,0,,,,,0,0,0,0,,,,ja
NO0177,letzte / r / s,sist,,,Norsk for deg,Lektion 1,0,0,,,,,0,0,0,0,,,,ja
NO0178,Danke für das letzte Mal.,Takk for sist.,,,Norsk for deg,Lektion 1,0,0,,,,,0,0,0,0,,,,ja
NO0179,gut,god,,,Norsk for deg,Lektion 1,0,0,,,,,0,0,0,0,,,,ja
NO0180,Morgen,morgen,,,Norsk for deg,Lektion 1,0,0,,,,,0,0,0,0,,,,ja
NO0181,Guten Morgen.,God morgen.,,,Norsk for deg,Lektion 1,0,0,,,,,0,0,0,0,,,,ja
NO0182,Guten Tag. / Guten Morgen. / Hallo.,Morn.,,,Norsk for deg,Lektion 1,0,0,,,,,0,0,0,0,,,,ja
NO0183,Tag,dag,,,Norsk for deg,Lektion 1,0,0,,,,,0,0,0,0,,,,ja
NO0184,Guten Tag.,God dag.,,,Norsk for deg,Lektion 1,0,0,,,,,0,0,0,0,,,,ja
NO0185,Abend,kveld,,,Norsk for deg,Lektion 1,0,0,,,,,0,0,0,0,,,,ja
NO0186,Guten Abend.,God kveld.,,,Norsk for deg,Lektion 1,0,0,,,,,0,0,0,0,,,,ja
NO0187,hören,å høre,,,Norsk for deg,Lektion 1,0,0,,,,,0,0,0,0,,,,ja
NO0188,anhören,å høre på,,,Norsk for deg,Lektion 1,0,0,,,,,0,0,0,0,,,,ja
NO0189,die Dialoge,dialogene,,,Norsk for deg,Lektion 1,0,0,,,,,0,0,0,0,,,,ja
NO0190,und,og,,,Norsk for deg,Lektion 1,0,0,,,,,0,0,0,0,,,,ja
NO0191,hier: setzen,å sette,,,Norsk for deg,Lektion 1,0,0,,,,,0,0,0,0,,,,ja
NO0192,Kreuz; Kreuzung,kryss,et,Substantiv,Norsk for deg,Lektion 1,0,0,,,,,0,0,0,0,,,,ja
NO0193,ankreuzen,å sette kryss,,,Norsk for deg,Lektion 1,0,0,,,,,0,0,0,0,,,,ja
NO0194,Kreuze/Kreuzt/Kreuzen Sie an.,Sett kryss.,,,Norsk for deg,Lektion 1,0,0,,,,,0,0,0,0,,,,ja
NO0195,sein,å være,,,Norsk for deg,Lektion 1,0,0,,,,,0,0,0,0,,,,ja
NO0196,Line ist ...,Line er ...,,,Norsk for deg,Lektion 1,0,0,,,,,0,0,0,0,,,,ja
NO0197,von hier,herfra,,,Norsk for deg,Lektion 1,0,0,,,,,0,0,0,0,,,,ja
NO0198,Woher kommst du? / Woher kommen Sie?,Hvor kommer du fra?,,,Norsk for deg,Lektion 1,0,0,,,,,0,0,0,0,,,,ja
NO0199,von dort,derfra,,,Norsk for deg,Lektion 1,0,0,,,,,0,0,0,0,,,,ja
NO0200,nein,nei,,,Norsk for deg,Lektion 1,0,0,,,,,0,0,0,0,,,,ja
NO0201,es; das,det,,,Norsk for deg,Lektion 1,0,0,,,,,0,0,0,0,,,,ja
NO0202,"Ja, das bin ich.","Ja, det er jeg.",,,Norsk for deg,Lektion 1,0,0,,,,,0,0,0,0,,,,ja
NO0203,dir; dich,deg,,,Norsk for deg,Lektion 1,0,0,,,,,0,0,0,0,,,,ja
NO0204,Was ist mit dir?,Hva med deg?,,,Norsk for deg,Lektion 1,0,0,,,,,0,0,0,0,,,,ja
NO0205,"sprechen, reden",å snakke,,,Norsk for deg,Lektion 1,0,0,,,,,0,0,0,0,,,,ja
NO0206,Norwegisch; norwegisch,norsk,,,Norsk for deg,Lektion 1,0,0,,,,,0,0,0,0,,,,ja
NO0207,Sprichst du / Sprechen Sie Norwegisch?,Snakker du norsk?,,,Norsk for deg,Lektion 1,0,0,,,,,0,0,0,0,,,,ja
NO0208,sehen,å se,,,Norsk for deg,Lektion 1,0,0,,,,,0,0,0,0,,,,ja
NO0209,ansehen,å se på,,,Norsk for deg,Lektion 1,0,0,,,,,0,0,0,0,,,,ja
NO0210,Bild; Foto,bilde,et,Substantiv,Norsk for deg,Lektion 1,0,0,,,,,0,0,0,0,,,,ja
NO0211,die Bilder / Fotos,bildene,,,Norsk for deg,Lektion 1,0,0,,,,,0,0,0,0,,,,ja
NO0212,Sieh dir / Seht euch / Sehen Sie sich die Bilder an.,Se på bildene.,,,Norsk for deg,Lektion 1,0,0,,,,,0,0,0,0,,,,ja
NO0213,welche (Plural),hvilke,,,Norsk for deg,Lektion 1,0,0,,,,,0,0,0,0,,,,ja
NO0214,Sprache,språk,et,Substantiv,Norsk for deg,Lektion 1,0,0,,,,,0,0,0,0,,,,ja
NO0215,Welche Sprachen ...?,Hvilke språk ...?,,,Norsk for deg,Lektion 1,0,0,,,,,0,0,0,0,,,,ja
NO0216,man,man,,,Norsk for deg,Lektion 1,0,0,,,,,0,0,0,0,,,,ja
NO0217,"dort, da",der,,,Norsk for deg,Lektion 1,0,0,,,,,0,0,0,0,,,,ja
NO0218,Italienisch; italienisch,italiensk,,,Norsk for deg,Lektion 1,0,0,,,,,0,0,0,0,,,,ja
NO0219,Deutsch; deutsch,tysk,,,Norsk for deg,Lektion 1,0,0,,,,,0,0,0,0,,,,ja
NO0220,Englisch; englisch,engelsk,,,Norsk for deg,Lektion 1,0,0,,,,,0,0,0,0,,,,ja
NO0221,Griechisch; griechisch,gresk,,,Norsk for deg,Lektion 1,0,0,,,,,0,0,0,0,,,,ja
NO0222,Russisch; russisch,russisk,,,Norsk for deg,Lektion 1,0,0,,,,,0,0,0,0,,,,ja
NO0223,Spanisch; spanisch,spansk,,,Norsk for deg,Lektion 1,0,0,,,,,0,0,0,0,,,,ja
NO0224,Türkisch; türkisch,tyrkisk,,,Norsk for deg,Lektion 1,0,0,,,,,0,0,0,0,,,,ja
NO0225,Dänisch; dänisch,dansk,,,Norsk for deg,Lektion 1,0,0,,,,,0,0,0,0,,,,ja
NO0226,Schwedisch; schwedisch,svensk,,,Norsk for deg,Lektion 1,0,0,,,,,0,0,0,0,,,,ja
NO0227,Französisch; französisch,fransk,,,Norsk for deg,Lektion 1,0,0,,,,,0,0,0,0,,,,ja
NO0228,Polnisch; polnisch,polsk,,,Norsk for deg,Lektion 1,0,0,,,,,0,0,0,0,,,,ja
NO0229,Niederländisch; niederländisch,nederlandsk,,,Norsk for deg,Lektion 1,0,0,,,,,0,0,0,0,,,,ja
NO0230,Finnisch; finnisch,finsk,,,Norsk for deg,Lektion 1,0,0,,,,,0,0,0,0,,,,ja
NO0231,Bist du Deutsche / r?,Er du tysk?,,,Norsk for deg,Lektion 1,0,0,,,,,0,0,0,0,,,,ja
NO0232,"ein wenig, ein bisschen",litt,,,Norsk for deg,Lektion 1,0,0,,,,,0,0,0,0,,,,ja
NO0233,gehen,å gå,,,Norsk for deg,Lektion 1,0,0,,,,,0,0,0,0,,,,ja
NO0234,auf; in; hier: zu,på,,,Norsk for deg,Lektion 1,0,0,,,,,0,0,0,0,,,,ja
NO0235,Norwegischkurs,norskkurs,et,Substantiv,Norsk for deg,Lektion 1,0,0,,,,,0,0,0,0,,,,ja
NO0236,einen Norwegischkurs besuchen,å gå på norskkurs,,,Norsk for deg,Lektion 1,0,0,,,,,0,0,0,0,,,,ja
NO0237,verstehen,å forstå,,,Norsk for deg,Lektion 1,0,0,,,,,0,0,0,0,,,,ja
NO0238,fragen,å spørre,,,Norsk for deg,Lektion 1,0,0,,,,,0,0,0,0,,,,ja
NO0239,Frag / Fragt / Fragen Sie!,Spør!,,,Norsk for deg,Lektion 1,0,0,,,,,0,0,0,0,,,,ja
NO0240,erzählen,å fortelle,,,Norsk for deg,Lektion 1,0,0,,,,,0,0,0,0,,,,ja
NO0241,Erzähle / Erzählt / Erzählen Sie!,Fortell!,,,Norsk for deg,Lektion 1,0,0,,,,,0,0,0,0,,,,ja
NO0242,"lauschen, anhören",å lytte,,,Norsk for deg,Lektion 1,0,0,,,,,0,0,0,0,,,,ja
NO0243,Lausche! / Lauscht! / Lauschen Sie!,Lytt!,,,Norsk for deg,Lektion 1,0,0,,,,,0,0,0,0,,,,ja
NO0244,wiederholen,å gjenta,,,Norsk for deg,Lektion 1,0,0,,,,,0,0,0,0,,,,ja
NO0245,Wiederhole. / Wiederholt. / Wiederholen Sie.,Gjenta!,,,Norsk for deg,Lektion 1,0,0,,,,,0,0,0,0,,,,ja
NO0246,passen,å passe,,,Norsk for deg,Lektion 1,0,0,,,,,0,0,0,0,,,,ja
NO0247,zusammen,sammen,,,Norsk for deg,Lektion 1,0,0,,,,,0,0,0,0,,,,ja
NO0248,zusammenpassen,å passe sammen,,,Norsk for deg,Lektion 1,0,0,,,,,0,0,0,0,,,,ja
NO0249,Dänemark,Danmark,,,Norsk for deg,Lektion 1,0,0,,,,,0,0,0,0,,,,ja
NO0250,Deutschland,Tyskland,,,Norsk for deg,Lektion 1,0,0,,,,,0,0,0,0,,,,ja
NO0251,Schweden,Sverige,,,Norsk for deg,Lektion 1,0,0,,,,,0,0,0,0,,,,ja
NO0252,Russland,Russland,,,Norsk for deg,Lektion 1,0,0,,,,,0,0,0,0,,,,ja
NO0253,Norwegen,Norge,,,Norsk for deg,Lektion 1,0,0,,,,,0,0,0,0,,,,ja
NO0254,Finnland,Finland,,,Norsk for deg,Lektion 1,0,0,,,,,0,0,0,0,,,,ja
NO0255,Frankreich,Frankrike,,,Norsk for deg,Lektion 1,0,0,,,,,0,0,0,0,,,,ja
NO0256,England,England,,,Norsk for deg,Lektion 1,0,0,,,,,0,0,0,0,,,,ja
NO0257,Niederlande,Nederland,,,Norsk for deg,Lektion 1,0,0,,,,,0,0,0,0,,,,ja
NO0258,Italien,Italia,,,Norsk for deg,Lektion 1,0,0,,,,,0,0,0,0,,,,ja
NO0259,Spanien,Spania,,,Norsk for deg,Lektion 1,0,0,,,,,0,0,0,0,,,,ja
NO0260,Griechenland,Hellas,,,Norsk for deg,Lektion 1,0,0,,,,,0,0,0,0,,,,ja
NO0261,Türkei,Tyrkia,,,Norsk for deg,Lektion 1,0,0,,,,,0,0,0,0,,,,ja
NO0262,Polen,Polen,,,Norsk for deg,Lektion 1,0,0,,,,,0,0,0,0,,,,ja
NO0263,Nationalität,nasjonalitet,,,Norsk for deg,Lektion 1,0,0,,,,,0,0,0,0,,,,ja
NO0264,Nationalitäten,nasjonaliteter,,,Norsk for deg,Lektion 1,0,0,,,,,0,0,0,0,,,,ja
NO0265,schreiben,å skrive,,,Norsk for deg,Lektion 1,0,0,,,,,0,0,0,0,,,,ja
NO0266,Schreibe. / Schreibt. / Schreiben Sie.,Skriv!,,,Norsk for deg,Lektion 1,0,0,,,,,0,0,0,0,,,,ja
NO0267,hier: dann,så,,,Norsk for deg,Lektion 1,0,0,,,,,0,0,0,0,,,,ja
NO0268,Dialoge,dialoger,,,Norsk for deg,Lektion 1,0,0,,,,,0,0,0,0,,,,ja
NO0269,hier: wie,som,,,Norsk for deg,Lektion 1,0,0,,,,,0,0,0,0,,,,ja
NO0270,Beispiel,eksempel,et,Substantiv,Norsk for deg,Lektion 1,0,0,,,,,0,0,0,0,,,,ja
NO0271,wie im Beispiel,som i eksempelet,,,Norsk for deg,Lektion 1,0,0,,,,,0,0,0,0,,,,ja
NO0272,ein/e Däne/Dänin,en danske,,,Norsk for deg,Lektion 1,0,0,,,,,0,0,0,0,,,,ja
NO0273,Deutsche / r,tysker,en,Substantiv,Norsk for deg,Lektion 1,0,0,,,,,0,0,0,0,,,,ja
NO0274,Pole / Polin,polakk,en,Substantiv,Norsk for deg,Lektion 1,0,0,,,,,0,0,0,0,,,,ja
NO0275,Türke / Türkin,tyrker,en,Substantiv,Norsk for deg,Lektion 1,0,0,,,,,0,0,0,0,,,,ja
NO0276,Italiener / in,italiener,en,Substantiv,Norsk for deg,Lektion 1,0,0,,,,,0,0,0,0,,,,ja
NO0277,Schwede / Schwedin,svenske,en,Substantiv,Norsk for deg,Lektion 1,0,0,,,,,0,0,0,0,,,,ja
NO0278,Russe / Russin,russer,en,Substantiv,Norsk for deg,Lektion 1,0,0,,,,,0,0,0,0,,,,ja
NO0279,Finne / Finnin,finne,en,Substantiv,Norsk for deg,Lektion 1,0,0,,,,,0,0,0,0,,,,ja
NO0280,Franzose / Französin,franskmann,en,Substantiv,Norsk for deg,Lektion 1,0,0,,,,,0,0,0,0,,,,ja
NO0281,Grieche / Griechin,greker,en,Substantiv,Norsk for deg,Lektion 1,0,0,,,,,0,0,0,0,,,,ja
NO0282,Niederländer / in,nederlender,en,Substantiv,Norsk for deg,Lektion 1,0,0,,,,,0,0,0,0,,,,ja
NO0283,Engländer / in,engelskmann,en,Substantiv,Norsk for deg,Lektion 1,0,0,,,,,0,0,0,0,,,,ja
NO0284,Spanier / in,spanjol,en,Substantiv,Norsk for deg,Lektion 1,0,0,,,,,0,0,0,0,,,,ja
NO0285,Norweger / in,nordmann,en,Substantiv,Norsk for deg,Lektion 1,0,0,,,,,0,0,0,0,,,,ja
NO0286,fragen nach,å spørre om,,,Norsk for deg,Lektion 1,0,0,,,,,0,0,0,0,,,,ja
NO0287,sie; die,de,,,Norsk for deg,Lektion 1,0,0,,,,,0,0,0,0,,,,ja
NO0288,andere,andre,,,Norsk for deg,Lektion 1,0,0,,,,,0,0,0,0,,,,ja
NO0289,die anderen,de andre,,,Norsk for deg,Lektion 1,0,0,,,,,0,0,0,0,,,,ja
NO0290,Kurs,kurs,et,Substantiv,Norsk for deg,Lektion 1,0,0,,,,,0,0,0,0,,,,ja
NO0291,im Kurs,på kurset,,,Norsk for deg,Lektion 1,0,0,,,,,0,0,0,0,,,,ja
NO0292,richtig,riktig,,,Norsk for deg,Lektion 1,0,0,,,,,0,0,0,0,,,,ja
NO0293,falsch,gal,,,Norsk for deg,Lektion 1,0,0,,,,,0,0,0,0,,,,ja
NO0294,Das ist falsch.,Det er galt.,,,Norsk for deg,Lektion 1,0,0,,,,,0,0,0,0,,,,ja
NO0295,eins,en,,,Norsk for deg,Lektion 1,0,0,,,,,0,0,0,0,,,,ja
NO0296,zwei,to,,,Norsk for deg,Lektion 1,0,0,,,,,0,0,0,0,,,,ja
NO0297,drei,tre,,,Norsk for deg,Lektion 1,0,0,,,,,0,0,0,0,,,,ja
NO0298,Zahl,tall,et,Substantiv,Norsk for deg,Lektion 1,0,0,,,,,0,0,0,0,,,,ja
NO0299,die Zahlen,tallene,,,Norsk for deg,Lektion 1,0,0,,,,,0,0,0,0,,,,ja
NO0300,"zu, für, nach",til,,,Norsk for deg,Lektion 1,0,0,,,,,0,0,0,0,,,,ja
NO0301,von ... bis ...,fra ... til ...,,,Norsk for deg,Lektion 1,0,0,,,,,0,0,0,0,,,,ja
NO0302,null,null,,,Norsk for deg,Lektion 1,0,0,,,,,0,0,0,0,,,,ja
NO0303,vier,fire,,,Norsk for deg,Lektion 1,0,0,,,,,0,0,0,0,,,,ja
NO0304,fünf,fem,,,Norsk for deg,Lektion 1,0,0,,,,,0,0,0,0,,,,ja
NO0305,sechs,seks,,,Norsk for deg,Lektion 1,0,0,,,,,0,0,0,0,,,,ja
NO0306,sieben,sju (syv),,,Norsk for deg,Lektion 1,0,0,,,,,0,0,0,0,,,,ja
NO0307,acht,åtte,,,Norsk for deg,Lektion 1,0,0,,,,,0,0,0,0,,,,ja
NO0308,neun,ni,,,Norsk for deg,Lektion 1,0,0,,,,,0,0,0,0,,,,ja
NO0309,zehn,ti,,,Norsk for deg,Lektion 1,0,0,,,,,0,0,0,0,,,,ja
NO0310,elf,elleve,,,Norsk for deg,Lektion 1,0,0,,,,,0,0,0,0,,,,ja
NO0311,zwölf,tolv,,,Norsk for deg,Lektion 1,0,0,,,,,0,0,0,0,,,,ja
NO0312,werfen,å kaste,,,Norsk for deg,Lektion 1,0,0,,,,,0,0,0,0,,,,ja
NO0313,Würfel,terning,en,Substantiv,Norsk for deg,Lektion 1,0,0,,,,,0,0,0,0,,,,ja
NO0314,Würfel (Plural),terninger,,,Norsk for deg,Lektion 1,0,0,,,,,0,0,0,0,,,,ja
NO0315,Würfele/Würfelt/Würfeln Sie mit 2 Würfeln.,Kast to terninger.,,,Norsk for deg,Lektion 1,0,0,,,,,0,0,0,0,,,,ja
NO0316,hier: rechnen,å regne,,,Norsk for deg,Lektion 1,0,0,,,,,0,0,0,0,,,,ja
NO0317,auf Norwegisch,på norsk,,,Norsk for deg,Lektion 1,0,0,,,,,0,0,0,0,,,,ja
NO0318,Rechne / Rechnet / Rechnen Sie auf Norwegisch.,Regn på norsk.,,,Norsk for deg,Lektion 1,0,0,,,,,0,0,0,0,,,,ja
NO0319,einander,hverandre,,,Norsk for deg,Lektion 1,0,0,,,,,0,0,0,0,,,,ja
NO0320,unten; unterhalb,nedenfor,,,Norsk for deg,Lektion 1,0,0,,,,,0,0,0,0,,,,ja
NO0321,Was ist ...?,Hva er ...?,,,Norsk for deg,Lektion 1,0,0,,,,,0,0,0,0,,,,ja
NO0322,Nummer,nummer,et,Substantiv,Norsk for deg,Lektion 1,0,0,,,,,0,0,0,0,,,,ja
NO0323,hier: verheiratet,gift,,,Norsk for deg,Lektion 1,0,0,,,,,0,0,0,0,,,,ja
NO0324,verheiratet sein mit,å være gift med,,,Norsk for deg,Lektion 1,0,0,,,,,0,0,0,0,,,,ja
NO0325,heute,i dag,,,Norsk for deg,Lektion 1,0,0,,,,,0,0,0,0,,,,ja
NO0326,Danke für heute. (Abschiedsgruß),Takk for i dag.,,,Norsk for deg,Lektion 1,0,0,,,,,0,0,0,0,,,,ja
NO0327,haben,å ha,,,Norsk for deg,Lektion 1,0,0,,,,,0,0,0,0,,,,ja
NO0328,Mach / Macht / Machen Sie es gut.,Ha det godt.,,,Norsk for deg,Lektion 1,0,0,,,,,0,0,0,0,,,,ja
NO0329,Tschüß.,Morna.,,,Norsk for deg,Lektion 1,0,0,,,,,0,0,0,0,,,,ja
NO0330,Mach / Macht / Machen Sie es gut.,Ha det bra.,,,Norsk for deg,Lektion 1,0,0,,,,,0,0,0,0,,,,ja
NO0331,Mach / Macht / Machen Sie es gut.,Ha det.,,,Norsk for deg,Lektion 1,0,0,,,,,0,0,0,0,,,,ja
NO0332,"hier: denn, dann (Floskel)",da,,,Norsk for deg,Lektion 1,0,0,,,,,0,0,0,0,,,,ja
NO0333,Auf Wiedersehen (dann).,"Adjø, da.",,,Norsk for deg,Lektion 1,0,0,,,,,0,0,0,0,,,,ja
NO0334,Nacht,natt,en/ei,Substantiv,Norsk for deg,Lektion 1,0,0,,,,,0,0,0,0,,,,ja
NO0335,Gute Nacht.,God natt.,,,Norsk for deg,Lektion 1,0,0,,,,,0,0,0,0,,,,ja
NO0336,Zu guter Letzt.,Til syvende og sist.,,,Norsk for deg,Lektion 1,0,0,,,,,0,0,0,0,,,,ja
NO0337,alles,alt,,,Norsk for deg,Lektion 1,0,0,,,,,0,0,0,0,,,,ja
NO0338,hier: Mal,en gang,,,Norsk for deg,Lektion 1,0,0,,,,,0,0,0,0,,,,ja
NO0339,noch einmal,en gang til,,,Norsk for deg,Lektion 1,0,0,,,,,0,0,0,0,,,,ja
NO0340,die Sprachecke,språkhjørnet,,,Norsk for deg,Lektion 1,0,0,,,,,0,0,0,0,,,,ja
NO0341,Grammatik,grammatikk,en,Substantiv,Norsk for deg,Lektion 1,0,0,,,,,0,0,0,0,,,,ja
NO0342,Wie geht es dir / Ihnen?,Hvordan har du det?,,,Norsk for deg,Lektion 2,0,0,,,,,0,0,0,0,,,,ja
NO0343,Wer ...?,Hvem ...?,,,Norsk for deg,Lektion 2,0,0,,,,,0,0,0,0,,,,ja
NO0344,Mann,mann,en,Substantiv,Norsk for deg,Lektion 2,0,0,,,,,0,0,0,0,,,,ja
NO0345,Frau,kvinne,en/ei,Substantiv,Norsk for deg,Lektion 2,0,0,,,,,0,0,0,0,,,,ja
NO0346,raten,å gjette,,,Norsk for deg,Lektion 2,0,0,,,,,0,0,0,0,,,,ja
NO0347,zuerst,først,,,Norsk for deg,Lektion 2,0,0,,,,,0,0,0,0,,,,ja
NO0348,Rate / Ratet / Raten Sie zuerst.,Gjett først.,,,Norsk for deg,Lektion 2,0,0,,,,,0,0,0,0,,,,ja
NO0349,Name,navn,et,Substantiv,Norsk for deg,Lektion 2,0,0,,,,,0,0,0,0,,,,ja
NO0350,die Namen,navnene,,,Norsk for deg,Lektion 2,0,0,,,,,0,0,0,0,,,,ja
NO0351,danach,etterpå,,,Norsk for deg,Lektion 2,0,0,,,,,0,0,0,0,,,,ja
NO0352,wir,vi,,,Norsk for deg,Lektion 2,0,0,,,,,0,0,0,0,,,,ja
NO0353,Urlaub,ferie,en,Substantiv,Norsk for deg,Lektion 2,0,0,,,,,0,0,0,0,,,,ja
NO0354,in Urlaub,på ferie,,,Norsk for deg,Lektion 2,0,0,,,,,0,0,0,0,,,,ja
NO0355,bei,ved,,,Norsk for deg,Lektion 2,0,0,,,,,0,0,0,0,,,,ja
NO0356,Antwort,svar,et,Substantiv,Norsk for deg,Lektion 2,0,0,,,,,0,0,0,0,,,,ja
NO0357,liegen,å ligge,,,Norsk for deg,Lektion 2,0,0,,,,,0,0,0,0,,,,ja
NO0358,Nordnorwegen,Nord-Norge,,,Norsk for deg,Lektion 2,0,0,,,,,0,0,0,0,,,,ja
NO0359,Region in Mittelnorwegen,Trøndelag,,,Norsk for deg,Lektion 2,0,0,,,,,0,0,0,0,,,,ja
NO0360,Lebensgefährte / in,samboer,en,Substantiv,Norsk for deg,Lektion 2,0,0,,,,,0,0,0,0,,,,ja
NO0361,andere / r / s,annen,,,Norsk for deg,Lektion 2,0,0,,,,,0,0,0,0,,,,ja
NO0362,ihr; euch,dere,,,Norsk for deg,Lektion 2,0,0,,,,,0,0,0,0,,,,ja
NO0363,Und ihr?,Hva med dere?,,,Norsk for deg,Lektion 2,0,0,,,,,0,0,0,0,,,,ja
NO0364,übrigens,for øvrig,,,Norsk for deg,Lektion 2,0,0,,,,,0,0,0,0,,,,ja
NO0365,diese / r / s,dette,,,Norsk for deg,Lektion 2,0,0,,,,,0,0,0,0,,,,ja
NO0366,Dies ist ...,Dette er ...,,,Norsk for deg,Lektion 2,0,0,,,,,0,0,0,0,,,,ja
NO0367,Ehefrau,kone,en/ei,Substantiv,Norsk for deg,Lektion 2,0,0,,,,,0,0,0,0,,,,ja
NO0368,mein / e,min,,,Norsk for deg,Lektion 2,0,0,,,,,0,0,0,0,,,,ja
NO0369,meine (Ehe-)Frau,kona mi,,,Norsk for deg,Lektion 2,0,0,,,,,0,0,0,0,,,,ja
NO0370,mein Mann,mannen min,,,Norsk for deg,Lektion 2,0,0,,,,,0,0,0,0,,,,ja
NO0371,jemand; einige,noen,,,Norsk for deg,Lektion 2,0,0,,,,,0,0,0,0,,,,ja
NO0372,norwegische,norske,,,Norsk for deg,Lektion 2,0,0,,,,,0,0,0,0,,,,ja
NO0373,Ort; Stelle,sted,et,Substantiv,Norsk for deg,Lektion 2,0,0,,,,,0,0,0,0,,,,ja
NO0374,hier: Orte,steder,,,Norsk for deg,Lektion 2,0,0,,,,,0,0,0,0,,,,ja
NO0375,einige norwegische Orte,noen norske steder,,,Norsk for deg,Lektion 2,0,0,,,,,0,0,0,0,,,,ja
NO0376,Stadt,by,en,Substantiv,Norsk for deg,Lektion 2,0,0,,,,,0,0,0,0,,,,ja
NO0377,Ostnorwegen,Østlandet,,,Norsk for deg,Lektion 2,0,0,,,,,0,0,0,0,,,,ja
NO0378,Südnorwegen,Sørlandet,,,Norsk for deg,Lektion 2,0,0,,,,,0,0,0,0,,,,ja
NO0379,Westnorwegen,Vestlandet,,,Norsk for deg,Lektion 2,0,0,,,,,0,0,0,0,,,,ja
NO0380,gebrauchen,å bruke,,,Norsk for deg,Lektion 2,0,0,,,,,0,0,0,0,,,,ja
NO0381,Phantasie,fantasi,en,Substantiv,Norsk for deg,Lektion 2,0,0,,,,,0,0,0,0,,,,ja
NO0382,Gebrauche / Gebraucht / Gebrauchen Sie die Phantasie.,Bruk fantasien.,,,Norsk for deg,Lektion 2,0,0,,,,,0,0,0,0,,,,ja
NO0383,der,den,,,Norsk for deg,Lektion 2,0,0,,,,,0,0,0,0,,,,ja
NO0384,Sieh mal hier.,Se her.,,,Norsk for deg,Lektion 2,0,0,,,,,0,0,0,0,,,,ja
NO0385,hier: senden,å sende,,,Norsk for deg,Lektion 2,0,0,,,,,0,0,0,0,,,,ja
NO0386,hat gesendet,har sendt,,,Norsk for deg,Lektion 2,0,0,,,,,0,0,0,0,,,,ja
NO0387,einige Bilder / Fotos,noen bilder,,,Norsk for deg,Lektion 2,0,0,,,,,0,0,0,0,,,,ja
NO0388,sie,hun,,,Norsk for deg,Lektion 2,0,0,,,,,0,0,0,0,,,,ja
NO0389,Bruder,bror,en,Substantiv,Norsk for deg,Lektion 2,0,0,,,,,0,0,0,0,,,,ja
NO0390,Tronds Bruder,Tronds bror,,,Norsk for deg,Lektion 2,0,0,,,,,0,0,0,0,,,,ja
NO0391,wohl,vel,,,Norsk for deg,Lektion 2,0,0,,,,,0,0,0,0,,,,ja
NO0392,Jawohl. / Aha.,ja vel.,,,Norsk for deg,Lektion 2,0,0,,,,,0,0,0,0,,,,ja
NO0393,Wer ist das da?,Hvem er det der?,,,Norsk for deg,Lektion 2,0,0,,,,,0,0,0,0,,,,ja
NO0394,Kind,barn,et,Substantiv,Norsk for deg,Lektion 2,0,0,,,,,0,0,0,0,,,,ja
NO0395,Gunnars Kinder,Gunnars barn,,,Norsk for deg,Lektion 2,0,0,,,,,0,0,0,0,,,,ja
NO0396,Lebensgefährten,samboere,,,Norsk for deg,Lektion 2,0,0,,,,,0,0,0,0,,,,ja
NO0397,die Kinder,barna,,,Norsk for deg,Lektion 2,0,0,,,,,0,0,0,0,,,,ja
NO0398,Nachname,etternavn,et,Substantiv,Norsk for deg,Lektion 2,0,0,,,,,0,0,0,0,,,,ja
NO0399,mit Nachnamen heißen,å hete til etternavn,,,Norsk for deg,Lektion 2,0,0,,,,,0,0,0,0,,,,ja
NO0400,(be)antworten,å svare,,,Norsk for deg,Lektion 2,0,0,,,,,0,0,0,0,,,,ja
NO0401,Frage,spørsmål,et,Substantiv,Norsk for deg,Lektion 2,0,0,,,,,0,0,0,0,,,,ja
NO0402,Beantworte / Beantwortet / Beantworten Sie die Fragen.,Svar på spørsmålene.,,,Norsk for deg,Lektion 2,0,0,,,,,0,0,0,0,,,,ja
NO0403,machen,å gjøre,,,Norsk for deg,Lektion 2,0,0,,,,,0,0,0,0,,,,ja
NO0404,Vorname,fornavn,et,Substantiv,Norsk for deg,Lektion 2,0,0,,,,,0,0,0,0,,,,ja
NO0405,ausfüllen,å fylle ut,,,Norsk for deg,Lektion 2,0,0,,,,,0,0,0,0,,,,ja
NO0406,Tabelle,tabell,en,Substantiv,Norsk for deg,Lektion 2,0,0,,,,,0,0,0,0,,,,ja
NO0407,Fülle / Füllt / Füllen Sie die Tabelle aus.,Fyll ut tabellen.,,,Norsk for deg,Lektion 2,0,0,,,,,0,0,0,0,,,,ja
NO0408,er,han,,,Norsk for deg,Lektion 2,0,0,,,,,0,0,0,0,,,,ja
NO0409,ledig,ugift,,,Norsk for deg,Lektion 2,0,0,,,,,0,0,0,0,,,,ja
NO0410,geschieden,skilt,,,Norsk for deg,Lektion 2,0,0,,,,,0,0,0,0,,,,ja
NO0411,buchstabieren,å stave,,,Norsk for deg,Lektion 2,0,0,,,,,0,0,0,0,,,,ja
NO0412,Alphabet,alfabet,et,Substantiv,Norsk for deg,Lektion 2,0,0,,,,,0,0,0,0,,,,ja
NO0413,das Alphabet,alfabetet,,,Norsk for deg,Lektion 2,0,0,,,,,0,0,0,0,,,,ja
NO0414,Umlautpunkt,tøddel,en,Substantiv,Norsk for deg,Lektion 2,0,0,,,,,0,0,0,0,,,,ja
NO0415,sollen; werden,å skulle,,,Norsk for deg,Lektion 2,0,0,,,,,0,0,0,0,,,,ja
NO0416,Danke schön.,Takk skal du ha.,,,Norsk for deg,Lektion 2,0,0,,,,,0,0,0,0,,,,ja
NO0417,doppelt,dobbelt,,,Norsk for deg,Lektion 2,0,0,,,,,0,0,0,0,,,,ja
NO0418,E-Mail-Adresse,e-postadresse,en/ei,Substantiv,Norsk for deg,Lektion 2,0,0,,,,,0,0,0,0,,,,ja
NO0419,können,å kunne,,,Norsk for deg,Lektion 2,0,0,,,,,0,0,0,0,,,,ja
NO0420,Kannst du ... ? / Können Sie ... ?,Kan du ...,,,Norsk for deg,Lektion 2,0,0,,,,,0,0,0,0,,,,ja
NO0421,minus,minus,,,Norsk for deg,Lektion 2,0,0,,,,,0,0,0,0,,,,ja
NO0422,Bindestrich,bindestrek,en,Substantiv,Norsk for deg,Lektion 2,0,0,,,,,0,0,0,0,,,,ja
NO0423,@-Zeichen,en krøllalfa,,,Norsk for deg,Lektion 2,0,0,,,,,0,0,0,0,,,,ja
NO0424,@-Zeichen,en alfakrøll,,,Norsk for deg,Lektion 2,0,0,,,,,0,0,0,0,,,,ja
NO0425,@-Zeichen,at (@),,,Norsk for deg,Lektion 2,0,0,,,,,0,0,0,0,,,,ja
NO0426,Punkt,punktum,et,Substantiv,Norsk for deg,Lektion 2,0,0,,,,,0,0,0,0,,,,ja
NO0427,Punkt (Internet),dot (engl.),en,Substantiv,Norsk for deg,Lektion 2,0,0,,,,,0,0,0,0,,,,ja
NO0428,Unterstrich,understrek,en,Substantiv,Norsk for deg,Lektion 2,0,0,,,,,0,0,0,0,,,,ja
NO0429,wählen,å velge,,,Norsk for deg,Lektion 2,0,0,,,,,0,0,0,0,,,,ja
NO0430,sie,dem,,,Norsk for deg,Lektion 2,0,0,,,,,0,0,0,0,,,,ja
NO0431,Buchstabiert / Buchstabieren Sie füreinander.,Stav dem for hverandre.,,,Norsk for deg,Lektion 2,0,0,,,,,0,0,0,0,,,,ja
NO0432,fein,fin,,,Norsk for deg,Lektion 2,0,0,,,,,0,0,0,0,,,,ja
NO0433,Uns geht es gut.,Vi har det fint.,,,Norsk for deg,Lektion 2,0,0,,,,,0,0,0,0,,,,ja
NO0434,Wie geht es?,Hvordan går det?,,,Norsk for deg,Lektion 2,0,0,,,,,0,0,0,0,,,,ja
NO0435,Und dir?,Og med deg?,,,Norsk for deg,Lektion 2,0,0,,,,,0,0,0,0,,,,ja
NO0436,Na sowas!,Hei sann! (Heisan!),,,Norsk for deg,Lektion 2,0,0,,,,,0,0,0,0,,,,ja
NO0437,nett; gemütlich,hyggelig,,,Norsk for deg,Lektion 2,0,0,,,,,0,0,0,0,,,,ja
NO0438,treffen,å treffe,,,Norsk for deg,Lektion 2,0,0,,,,,0,0,0,0,,,,ja
NO0439,stehen,å stå,,,Norsk for deg,Lektion 2,0,0,,,,,0,0,0,0,,,,ja
NO0440,Wie steht's?,Hvordan står det til?,,,Norsk for deg,Lektion 2,0,0,,,,,0,0,0,0,,,,ja
NO0441,sehr,veldig,,,Norsk for deg,Lektion 2,0,0,,,,,0,0,0,0,,,,ja
NO0442,schlecht,dårlig,,,Norsk for deg,Lektion 2,0,0,,,,,0,0,0,0,,,,ja
NO0443,fürchterlich,fryktelig,,,Norsk for deg,Lektion 2,0,0,,,,,0,0,0,0,,,,ja
NO0444,Kopfschmerzen,hodepine,en/ei,Substantiv,Norsk for deg,Lektion 2,0,0,,,,,0,0,0,0,,,,ja
NO0445,lange,lenge,,,Norsk for deg,Lektion 2,0,0,,,,,0,0,0,0,,,,ja
NO0446,hier: seit,siden,,,Norsk for deg,Lektion 2,0,0,,,,,0,0,0,0,,,,ja
NO0447,Lange nicht gesehen!,Lenge siden sist!,,,Norsk for deg,Lektion 2,0,0,,,,,0,0,0,0,,,,ja
NO0448,wirklich,virkelig,,,Norsk for deg,Lektion 2,0,0,,,,,0,0,0,0,,,,ja
NO0449,Ordnung,orden,en,Substantiv,Norsk for deg,Lektion 2,0,0,,,,,0,0,0,0,,,,ja
NO0450,in Ordnung,i orden,,,Norsk for deg,Lektion 2,0,0,,,,,0,0,0,0,,,,ja
NO0451,ausgezeichnet,utmerket,,,Norsk for deg,Lektion 2,0,0,,,,,0,0,0,0,,,,ja
NO0452,müde,trett,,,Sonstige,,0,0,,,,,0,0,0,0,,,,ja
NO0453,heute Abend,i kveld,,,Sonstige,,0,0,,,,,0,0,0,0,,,,ja
NO0454,erkältet,forkjølet,,,Sonstige,,0,0,,,,,0,0,0,0,,,,ja
NO0455,dreizehn,tretten,,,Sonstige,,0,0,,,,,0,0,0,0,,,,ja
NO0456,vierzehn,fjorten,,,Sonstige,,0,0,,,,,0,0,0,0,,,,ja
NO0457,fünfzehn,femten,,,Sonstige,,0,0,,,,,0,0,0,0,,,,ja
NO0458,sechzehn,seksten,,,Sonstige,,0,0,,,,,0,0,0,0,,,,ja
NO0459,siebzehn,sytten,,,Sonstige,,0,0,,,,,0,0,0,0,,,,ja
NO0460,achtzehn,atten,,,Sonstige,,0,0,,,,,0,0,0,0,,,,ja
NO0461,neunzehn,nitten,,,Sonstige,,0,0,,,,,0,0,0,0,,,,ja
NO0462,zwanzig,tjue (tyve),,,Sonstige,,0,0,,,,,0,0,0,0,,,,ja
NO0463,Rechenaufgabe,regnestykke,et,Substantiv,Sonstige,,0,0,,,,,0,0,0,0,,,,ja
NO0464,mit den Zahlen,med tallene,,,Sonstige,,0,0,,,,,0,0,0,0,,,,ja
NO0465,lernen,å lære,,,Sonstige,,0,0,,,,,0,0,0,0,,,,ja
NO0466,die ihr / Sie gelernt habt / haben,(som) dere har lært,,,Sonstige,,0,0,,,,,0,0,0,0,,,,ja
NO0467,plus,pluss,,,Sonstige,,0,0,,,,,0,0,0,0,,,,ja
NO0468,Text,tekst,en,Substantiv,Sonstige,,0,0,,,,,0,0,0,0,,,,ja
NO0469,der Text,teksten,,,Sonstige,,0,0,,,,,0,0,0,0,,,,ja
